feeder_name,node_id,node_label,WIN_normal,PRE_normal,PRS_normal,SHU_normal,TMP_normal,WIN_extreme,PRE_extreme,PRS_extreme,SHU_extreme,TMP_extreme,label
BS_XJRCNKGLODZNDRRTGPEAS,0,0,0.3375238478183746,0.0,0.9838346838951112,0.4115384221076965,0.534423828125,0.2851446,0.22499868,0.9393936,0.50127065,0.46392745,False
BS_UZMGPCTAYERCXRYGGTUEQ,0,0,0.3918095231056213,0.0,0.9461622834205629,0.5769230723381042,0.6209864020347595,0.20946094,0.06397758,0.91590923,0.408142,0.38296163,False
BS_UZMGPCTAYERCXRYGGTUEQ,1,1,0.4573809802532196,0.0,0.9785547852516174,0.5692307353019714,0.6460792422294617,0.18221653,0.07293741,0.91379887,0.468428,0.42274034,False
BS_UZMGPCTAYERCXRYGGTUEQ,2,2,0.2982380986213684,0.0,0.8683823943138123,0.5692307353019714,0.6055245399475098,0.25633988,0.0627461,0.8919787,0.42994878,0.41086113,False
BS_QBHMQHAEFTWGGYNHGEXCF,0,0,0.2529523968696594,0.0,0.8408198356628418,0.453846126794815,0.4203343987464905,0.37029415,0.092915155,0.86302817,0.37672532,0.37001336,False
BS_QBHMQHAEFTWGGYNHGEXCF,1,1,0.2489524036645889,0.0,0.851850152015686,0.453846126794815,0.4217382073402405,0.32989237,0.091688074,0.866021,0.3928578,0.37640145,False
BS_JUYZXXPUOZXRDQNZGIXGB,0,0,0.2038809657096862,0.0,0.9136459827423096,0.6000000238418579,0.546992838382721,0.2410402,-0.0005517572,0.898007,0.48790497,0.463605,False
BS_JUYZXXPUOZXRDQNZGIXGB,1,1,0.3140000104904175,0.0,0.8945607542991638,0.6115384697914124,0.5540655851364136,0.26417992,0.034418605,0.89928705,0.5136497,0.47679007,False
BS_JUYZXXPUOZXRDQNZGIXGB,2,2,0.2954524159431457,0.0,0.7613462805747986,0.5884615182876587,0.5330137014389038,0.21164799,0.02185624,0.8061204,0.6047261,0.55166286,False
BS_HSJXWEJNYCQHVXEDGFCRM,0,0,0.2209523916244506,0.0,0.9871180057525636,0.4615384340286255,0.539027750492096,0.1661053,0.061427303,0.9022611,0.55473137,0.4945948,False
BS_HSJXWEJNYCQHVXEDGFCRM,1,1,0.1965000033378601,0.0,0.8787704706192017,0.449999988079071,0.5047175884246826,0.16417375,0.059092708,0.8736439,0.53940576,0.48029864,False
BS_PXRLJCNZLFJCIDVYGMPTJ,0,0,0.4049047827720642,0.0,0.8940728902816772,0.2076923102140426,0.2195203006267547,0.40689445,0.048133135,0.91874295,0.45169744,0.43000686,False
BS_PXRLJCNZLFJCIDVYGMPTJ,1,1,0.4139047861099243,0.0,1.0046056509017944,0.2230769395828247,0.2464694380760193,0.3579512,0.103261046,0.98531646,0.463866,0.44311583,False
BS_BCJXEWSTCKQOPQROGBEJY,0,0,0.2513571381568908,0.0,0.7605380415916443,0.4730769395828247,0.4303031265735626,0.11851251,0.100724496,0.8055915,0.45387122,0.4180534,False
BS_BCJXEWSTCKQOPQROGBEJY,1,1,0.2787619233131408,0.0096493773162364,0.8857295513153076,0.4769230782985687,0.4395415186882019,0.13844089,0.10063959,0.8503637,0.42431372,0.3991778,False
BS_MKNROKIEWQKOPTXIGVIJL,0,0,0.3370714485645294,0.0046161822974681,0.9589990973472596,0.4576922655105591,0.4325582683086395,0.50308293,0.18497947,0.929327,0.4624908,0.4441511,False
BS_JEUYYUUFEBKANRFJGABQH,0,0,0.1533809602260589,0.0,0.5994384288787842,0.4653846323490143,0.5631829500198364,0.25189993,0.6545628,0.5553523,0.30284762,0.27008823,False
BS_JEUYYUUFEBKANRFJGABQH,1,1,0.2211428582668304,0.0,0.43364217877388,0.392307698726654,0.4832206070423126,0.09250343,0.32779366,0.43423235,0.36046267,0.29550374,False
BS_JEUYYUUFEBKANRFJGABQH,2,2,0.1615714430809021,0.0,0.3702057600021362,0.4000000059604645,0.4980931878089905,0.25392485,0.3234962,0.38475177,0.33941764,0.28149265,False
BS_JEUYYUUFEBKANRFJGABQH,3,3,0.1541428714990615,0.0,0.5801500082015991,0.453846126794815,0.5639932751655579,0.10533038,0.6429247,0.6007416,0.36970922,0.3149857,False
BS_JEUYYUUFEBKANRFJGABQH,4,4,0.1738809645175933,0.0,0.5874608159065247,0.4461538195610046,0.5396002531051636,0.2122615,0.538536,0.46858782,0.32032275,0.26829797,False
BS_JEUYYUUFEBKANRFJGABQH,5,5,0.2118809670209884,0.0,0.5949187278747559,0.4423076808452606,0.5466518998146057,0.06642334,0.6246601,0.6006497,0.4221166,0.34708345,False
BS_JEUYYUUFEBKANRFJGABQH,6,6,0.130952388048172,0.0,0.6027414202690125,0.4615384340286255,0.5772379040718079,0.099934876,0.34462553,0.5624382,0.41306823,0.35678333,False
BS_JEUYYUUFEBKANRFJGABQH,7,7,0.1169761940836906,0.0,0.4620370268821716,0.4423076808452606,0.5428003668785095,0.4683287,0.2562341,0.433908,0.34081465,0.28039068,False
BS_JEUYYUUFEBKANRFJGABQH,8,8,0.2177142947912216,0.0,0.6307466626167297,0.4384615421295166,0.5268691778182983,0.07465133,0.1635902,0.58258563,0.4072563,0.34904838,False
BS_JEUYYUUFEBKANRFJGHOFP,0,0,0.0204285718500614,0.0,0.5809524655342102,0.4576922655105591,0.4405864775180816,0.0866538,0.07830437,0.5227201,0.4995561,0.435632,False
BS_JEUYYUUFEBKANRFJGHOFP,1,1,0.1030476242303848,0.0,0.4161778092384338,0.4038461446762085,0.4340346753597259,0.16032505,0.757156,0.51214933,0.3051215,0.2501522,False
BS_JEUYYUUFEBKANRFJGHOFP,2,2,0.139238104224205,0.0,0.3527814447879791,0.4307692348957062,0.4454482495784759,0.13394225,0.51837957,0.46195847,0.3258683,0.2751826,False
BS_JEUYYUUFEBKANRFJGHOFP,3,3,0.0906666740775108,0.0,0.5618395805358887,0.4423076808452606,0.4320310354232788,0.084873945,0.2553503,0.54872674,0.4439462,0.39327258,False
BS_JEUYYUUFEBKANRFJGHOFP,4,4,0.0201904773712158,0.0,0.5692319273948669,0.4384615421295166,0.4283552467823028,0.10007697,0.10273223,0.5304249,0.4604793,0.41056305,False
BS_JEUYYUUFEBKANRFJGHOFP,5,5,0.1020952388644218,0.0368049815297126,0.5763395428657532,0.392307698726654,0.3585236668586731,0.08161402,0.12517476,0.5194684,0.43977505,0.3809542,False
BS_JEUYYUUFEBKANRFJGHOFP,6,6,0.1804285794496536,0.0,0.5844017863273621,0.4923076629638672,0.5041587948799133,0.065434605,0.1616728,0.6030166,0.44613767,0.39018044,False
BS_JEUYYUUFEBKANRFJGHOFP,7,7,0.1976666748523712,0.0,0.4441088438034057,0.4846153855323791,0.4858240485191345,0.11697692,0.17096853,0.43239272,0.41489166,0.3410275,False
BS_JEUYYUUFEBKANRFJGHOFP,8,8,0.0530714318156242,0.0,0.6126932501792908,0.4269230961799621,0.4243900775909424,0.12496978,0.7145801,0.5413197,0.34352592,0.27930105,False
BS_JEUYYUUFEBKANRFJGAWIX,0,0,0.0204285718500614,0.0,0.5809524655342102,0.4576922655105591,0.4405864775180816,0.13451363,0.04967981,0.5527962,0.4300696,0.38046747,False
BS_JEUYYUUFEBKANRFJGAWIX,1,1,0.1030476242303848,0.0,0.4161778092384338,0.4038461446762085,0.4340346753597259,0.123193696,0.0015588775,0.40658697,0.41422674,0.33483005,False
BS_JEUYYUUFEBKANRFJGAWIX,2,2,0.139238104224205,0.0,0.3527814447879791,0.4307692348957062,0.4454482495784759,0.16125846,0.026097417,0.38597548,0.41070467,0.3371386,False
BS_JEUYYUUFEBKANRFJGAWIX,3,3,0.0906666740775108,0.0,0.5618395805358887,0.4423076808452606,0.4320310354232788,0.13290524,0.02314686,0.5349417,0.50838834,0.43901467,False
BS_JEUYYUUFEBKANRFJGAWIX,4,4,0.0201904773712158,0.0,0.5692319273948669,0.4384615421295166,0.4283552467823028,0.13011779,0.015114754,0.5027617,0.48912552,0.42847866,False
BS_JEUYYUUFEBKANRFJGAWIX,5,5,0.1020952388644218,0.0368049815297126,0.5763395428657532,0.392307698726654,0.3585236668586731,0.13965341,0.018211372,0.49938828,0.4736407,0.40961313,False
BS_JEUYYUUFEBKANRFJGAWIX,6,6,0.1804285794496536,0.0,0.5844017863273621,0.4923076629638672,0.5041587948799133,0.10964616,0.05312874,0.5896592,0.6072749,0.5116048,False
BS_JEUYYUUFEBKANRFJGAWIX,7,7,0.1976666748523712,0.0,0.4441088438034057,0.4846153855323791,0.4858240485191345,0.19364303,-0.009167194,0.4444583,0.40100035,0.34309152,False
BS_JEUYYUUFEBKANRFJGAWIX,8,8,0.0530714318156242,0.0,0.6126932501792908,0.4269230961799621,0.4243900775909424,0.08009249,0.09121237,0.53228706,0.4388642,0.37744367,False
BS_JEUYYUUFEBKANRFJGSBZV,0,0,0.1344047635793686,0.0,0.5543285012245178,0.4461538195610046,0.4123619198799133,0.16804922,0.48977667,0.48112005,0.33637372,0.28740424,False
BS_JEUYYUUFEBKANRFJGSBZV,1,1,0.1639047563076019,0.0934813246130943,0.3871814906597137,0.3653846085071563,0.3339685797691345,0.1727171,0.022505246,0.39160395,0.41196373,0.3392231,False
BS_JEUYYUUFEBKANRFJGSBZV,2,2,0.1526190489530563,0.0049585062079131,0.3235739469528198,0.3846153914928436,0.3565621078014374,0.15190077,0.011083767,0.37828356,0.40427947,0.33368373,False
BS_JEUYYUUFEBKANRFJGSBZV,3,3,0.129238098859787,0.0,0.5357195138931274,0.4384615421295166,0.4111928045749664,0.31371218,0.44511235,0.48183817,0.31631306,0.27582684,False
BS_JEUYYUUFEBKANRFJGSBZV,4,4,0.1453095376491546,0.0120705384761095,0.5419300198554993,0.4153845906257629,0.3839795291423797,0.34744656,0.22440425,0.44664887,0.34458184,0.28551823,False
BS_JEUYYUUFEBKANRFJGSBZV,5,5,0.0833571478724479,0.0,0.5502347350120544,0.4192307293415069,0.3847067058086395,0.40677524,0.47730398,0.5277688,0.30361423,0.28931025,False
BS_JEUYYUUFEBKANRFJGSBZV,6,6,0.147976204752922,0.0,0.5583370923995972,0.453846126794815,0.4408548176288605,0.25114954,0.24827874,0.50174123,0.41844726,0.3523577,False
BS_JEUYYUUFEBKANRFJGSBZV,7,7,0.1432619094848632,0.0,0.416117399930954,0.4307692348957062,0.4127239286899566,0.067690685,0.1893686,0.4437601,0.43409917,0.36050022,False
BS_JEUYYUUFEBKANRFJGSBZV,8,8,0.0960476249456405,0.0645165964961052,0.5851408839225769,0.4000000059604645,0.3697930574417114,0.2067517,-0.008811473,0.47031617,0.45104605,0.4011193,False
BS_JEUYYUUFEBKANRFJGOEZN,0,0,0.1344047635793686,0.0,0.5543285012245178,0.4461538195610046,0.4123619198799133,0.1530883,0.06720937,0.5236123,0.41600627,0.37038895,False
BS_JEUYYUUFEBKANRFJGOEZN,1,1,0.1639047563076019,0.0934813246130943,0.3871814906597137,0.3653846085071563,0.3339685797691345,0.29712543,0.03571929,0.41096425,0.3917596,0.32904822,False
BS_JEUYYUUFEBKANRFJGOEZN,2,2,0.1526190489530563,0.0049585062079131,0.3235739469528198,0.3846153914928436,0.3565621078014374,0.13426933,-0.00881124,0.38749546,0.41225812,0.356297,False
BS_JEUYYUUFEBKANRFJGOEZN,3,3,0.129238098859787,0.0,0.5357195138931274,0.4384615421295166,0.4111928045749664,0.12081911,0.031218283,0.5517118,0.4237683,0.36201346,False
BS_JEUYYUUFEBKANRFJGOEZN,4,4,0.1453095376491546,0.0120705384761095,0.5419300198554993,0.4153845906257629,0.3839795291423797,0.11735031,0.044142105,0.49916637,0.4131746,0.3602181,False
BS_JEUYYUUFEBKANRFJGOEZN,5,5,0.0833571478724479,0.0,0.5502347350120544,0.4192307293415069,0.3847067058086395,0.10965292,-0.0139958905,0.5558584,0.39249575,0.33151296,False
BS_JEUYYUUFEBKANRFJGOEZN,6,6,0.147976204752922,0.0,0.5583370923995972,0.453846126794815,0.4408548176288605,0.12368792,0.05405847,0.567543,0.39340407,0.3463055,False
BS_JEUYYUUFEBKANRFJGOEZN,7,7,0.1432619094848632,0.0,0.416117399930954,0.4307692348957062,0.4127239286899566,0.116499946,-0.004339917,0.42030156,0.44115523,0.38059467,False
BS_JEUYYUUFEBKANRFJGOEZN,8,8,0.0960476249456405,0.0645165964961052,0.5851408839225769,0.4000000059604645,0.3697930574417114,0.44231302,0.015947796,0.46611935,0.34607863,0.31428403,False
BS_JEUYYUUFEBKANRFJGCWDQ,0,0,0.1344047635793686,0.0,0.5543285012245178,0.4461538195610046,0.4123619198799133,0.076760665,0.030948944,0.5161039,0.57490313,0.46836466,False
BS_JEUYYUUFEBKANRFJGCWDQ,1,1,0.1639047563076019,0.0934813246130943,0.3871814906597137,0.3653846085071563,0.3339685797691345,0.08113219,0.27621022,0.44511217,0.37292606,0.3048152,False
BS_JEUYYUUFEBKANRFJGCWDQ,2,2,0.1526190489530563,0.0049585062079131,0.3235739469528198,0.3846153914928436,0.3565621078014374,0.13242182,0.41882145,0.41743982,0.34193847,0.2845446,False
BS_JEUYYUUFEBKANRFJGCWDQ,3,3,0.129238098859787,0.0,0.5357195138931274,0.4384615421295166,0.4111928045749664,0.1077137,0.057680137,0.5293574,0.49788326,0.43506742,False
BS_JEUYYUUFEBKANRFJGCWDQ,4,4,0.1453095376491546,0.0120705384761095,0.5419300198554993,0.4153845906257629,0.3839795291423797,0.07055539,0.10752434,0.49063414,0.46481332,0.38984245,False
BS_JEUYYUUFEBKANRFJGCWDQ,5,5,0.0833571478724479,0.0,0.5502347350120544,0.4192307293415069,0.3847067058086395,0.086854845,0.14102465,0.5119572,0.42375258,0.3681085,False
BS_JEUYYUUFEBKANRFJGCWDQ,6,6,0.147976204752922,0.0,0.5583370923995972,0.453846126794815,0.4408548176288605,0.12170978,0.042172268,0.5395486,0.50515354,0.43572366,False
BS_JEUYYUUFEBKANRFJGCWDQ,7,7,0.1432619094848632,0.0,0.416117399930954,0.4307692348957062,0.4127239286899566,0.07692452,0.020349197,0.4351871,0.5102051,0.41632766,False
BS_JEUYYUUFEBKANRFJGCWDQ,8,8,0.0960476249456405,0.0645165964961052,0.5851408839225769,0.4000000059604645,0.3697930574417114,0.06552209,0.09874185,0.479666,0.40753046,0.33218867,False
BS_JEUYYUUFEBKANRFJGRHQJ,0,0,0.1982619166374206,0.0,0.5355352759361267,0.5115385055541992,0.436662346124649,0.09996113,0.10808367,0.5395393,0.45866367,0.39895463,False
BS_JEUYYUUFEBKANRFJGRHQJ,1,1,0.1457619220018386,0.0,0.5328031778335571,0.5461537837982178,0.4674030244350433,0.09697956,0.045564897,0.48777848,0.4737852,0.40573055,False
BS_JEUYYUUFEBKANRFJGRHQJ,2,2,0.2414047867059707,0.0228734426200389,0.5839772820472717,0.5461537837982178,0.4673483073711395,0.097360924,0.10757806,0.56289726,0.45553392,0.39252257,False
BS_JEUYYUUFEBKANRFJGRHQJ,3,3,0.0867619067430496,0.016566390171647,0.4597163498401642,0.4923076629638672,0.4183170795440674,0.08694346,0.08189478,0.4587235,0.42173952,0.34922266,False
BS_JEUYYUUFEBKANRFJGRHQJ,4,4,0.1971190571784973,0.0,0.4970771372318268,0.5153846144676208,0.4410000443458557,0.0964815,0.2534377,0.5394802,0.42551968,0.37325436,False
BS_JEUYYUUFEBKANRFJGRHQJ,5,5,0.0897857174277305,0.012643152847886,0.3818243741989136,0.4576922655105591,0.3866724371910095,0.14253905,0.01656282,0.39788067,0.38434714,0.31610963,False
BS_JEUYYUUFEBKANRFJGRHQJ,6,6,0.1224523857235908,0.0496369265019893,0.5572550296783447,0.5346153378486633,0.4558726251125335,0.117118016,0.16219288,0.52508426,0.38341883,0.32982987,False
BS_JEUYYUUFEBKANRFJGRHQJ,7,7,0.2352143079042434,0.0212344396859407,0.6074512004852295,0.5461537837982178,0.4659245014190674,0.10564698,0.013791375,0.62256044,0.4459644,0.40526646,False
BS_JEUYYUUFEBKANRFJGRHQJ,8,8,0.1060952469706535,0.0,0.4029193520545959,0.5153846144676208,0.4392994940280914,0.092166826,-0.0069163158,0.39804065,0.4758192,0.40025246,False
BS_JEUYYUUFEBKANRFJGCPGE,0,0,0.1982619166374206,0.0,0.5355352759361267,0.5115385055541992,0.436662346124649,0.4140165,0.098507844,0.45979077,0.3948577,0.3383385,False
BS_JEUYYUUFEBKANRFJGCPGE,1,1,0.1457619220018386,0.0,0.5328031778335571,0.5461537837982178,0.4674030244350433,0.10237095,0.08100615,0.5134297,0.4113146,0.35863942,False
BS_JEUYYUUFEBKANRFJGCPGE,2,2,0.2414047867059707,0.0228734426200389,0.5839772820472717,0.5461537837982178,0.4673483073711395,0.13282698,0.065556444,0.6160465,0.4027091,0.36613184,False
BS_JEUYYUUFEBKANRFJGCPGE,3,3,0.0867619067430496,0.016566390171647,0.4597163498401642,0.4923076629638672,0.4183170795440674,0.20412883,0.032278158,0.40034503,0.4007508,0.3430385,False
BS_JEUYYUUFEBKANRFJGCPGE,4,4,0.1971190571784973,0.0,0.4970771372318268,0.5153846144676208,0.4410000443458557,0.21030459,-0.00949763,0.4823653,0.4274541,0.37661815,False
BS_JEUYYUUFEBKANRFJGCPGE,5,5,0.0897857174277305,0.012643152847886,0.3818243741989136,0.4576922655105591,0.3866724371910095,0.10072014,0.2062298,0.40706378,0.40780964,0.33364064,False
BS_JEUYYUUFEBKANRFJGCPGE,6,6,0.1224523857235908,0.0496369265019893,0.5572550296783447,0.5346153378486633,0.4558726251125335,0.2523008,0.061842375,0.45816574,0.41604736,0.35968727,False
BS_JEUYYUUFEBKANRFJGCPGE,7,7,0.2352143079042434,0.0212344396859407,0.6074512004852295,0.5461537837982178,0.4659245014190674,0.20895582,0.027626455,0.57232845,0.3955577,0.36131608,False
BS_JEUYYUUFEBKANRFJGCPGE,8,8,0.1060952469706535,0.0,0.4029193520545959,0.5153846144676208,0.4392994940280914,0.07140061,0.11641083,0.44783795,0.4243895,0.35913253,False
BS_JEUYYUUFEBKANRFJGZMFW,0,0,0.1982619166374206,0.0,0.5355352759361267,0.5115385055541992,0.436662346124649,0.22762418,0.1239397,0.47773647,0.39842606,0.33987957,False
BS_JEUYYUUFEBKANRFJGZMFW,1,1,0.1457619220018386,0.0,0.5328031778335571,0.5461537837982178,0.4674030244350433,0.122891754,0.04107506,0.5406255,0.44303986,0.38302046,False
BS_JEUYYUUFEBKANRFJGZMFW,2,2,0.2414047867059707,0.0228734426200389,0.5839772820472717,0.5461537837982178,0.4673483073711395,0.118112326,0.2925021,0.5678419,0.38067913,0.33653703,False
BS_JEUYYUUFEBKANRFJGZMFW,3,3,0.0867619067430496,0.016566390171647,0.4597163498401642,0.4923076629638672,0.4183170795440674,0.33003023,0.08112804,0.412333,0.35851517,0.3058917,False
BS_JEUYYUUFEBKANRFJGZMFW,4,4,0.1971190571784973,0.0,0.4970771372318268,0.5153846144676208,0.4410000443458557,0.22969079,0.4176702,0.45330948,0.33802605,0.287949,False
BS_JEUYYUUFEBKANRFJGZMFW,5,5,0.0897857174277305,0.012643152847886,0.3818243741989136,0.4576922655105591,0.3866724371910095,0.29857934,0.089330055,0.37940103,0.35507172,0.29007947,False
BS_JEUYYUUFEBKANRFJGZMFW,6,6,0.1224523857235908,0.0496369265019893,0.5572550296783447,0.5346153378486633,0.4558726251125335,0.3509467,0.35633495,0.47918683,0.31089884,0.27315032,False
BS_JEUYYUUFEBKANRFJGZMFW,7,7,0.2352143079042434,0.0212344396859407,0.6074512004852295,0.5461537837982178,0.4659245014190674,0.14074582,0.09031732,0.6219716,0.40239286,0.36984304,False
BS_JEUYYUUFEBKANRFJGZMFW,8,8,0.1060952469706535,0.0,0.4029193520545959,0.5153846144676208,0.4392994940280914,0.10446869,-0.0019396797,0.47001928,0.4750592,0.40476644,False
BS_RGQMYLQYOQSZDJMCGXCJZ,0,0,0.2083809524774551,0.0175373442471027,0.6559106707572937,0.4153845906257629,0.3763417303562164,0.13062388,0.20292732,0.65468246,0.45028165,0.40929604,False
BS_RGQMYLQYOQSZDJMCGXCJZ,1,1,0.1785000115633011,0.015578837133944,0.7614519000053406,0.4461538195610046,0.4081926047801971,0.16381168,0.12486813,0.7258626,0.56572056,0.50695926,False
BS_RGQMYLQYOQSZDJMCGXCJZ,2,2,0.222738116979599,0.0201742742210626,0.7142040729522705,0.4038461446762085,0.3702624142169952,0.16132182,0.327871,0.73456126,0.4198747,0.3831166,False
BS_RGQMYLQYOQSZDJMCGXCJZ,3,3,0.2062857300043106,0.0148983402177691,0.5645971298217773,0.4153845906257629,0.3727311789989471,0.22330457,0.22085148,0.55343544,0.40069485,0.35361293,False
BS_RGQMYLQYOQSZDJMCGXCJZ,4,4,0.2212142944335937,0.0185809135437011,0.7437793016433716,0.4153845906257629,0.3843310177326202,0.13056153,0.2929182,0.74733037,0.4326433,0.3719375,False
BS_RGQMYLQYOQSZDJMCGICXT,0,0,0.1520238071680069,0.0105788372457027,0.6567713618278503,0.4692308008670807,0.4472551047801971,0.1496925,0.08821916,0.626031,0.53187215,0.4663278,False
BS_RGQMYLQYOQSZDJMCGICXT,1,1,0.1667142957448959,0.0069668046198785,0.762098491191864,0.4807692170143127,0.4664211869239807,0.11790736,0.10963877,0.7111453,0.60886025,0.54100645,False
BS_RGQMYLQYOQSZDJMCGICXT,2,2,0.1720000058412552,0.0124356839805841,0.7153276205062866,0.4692308008670807,0.4436687529087066,0.6371888,0.073916204,0.7246287,0.373273,0.37840474,False
BS_RGQMYLQYOQSZDJMCGICXT,3,3,0.1415238082408905,0.0087240664288401,0.5653769969940186,0.453846126794815,0.4384134113788605,0.16221598,0.019815587,0.5912961,0.52631974,0.47223526,False
BS_RGQMYLQYOQSZDJMCGICXT,4,4,0.1623095273971557,0.0070622409693896,0.7449501752853394,0.4653846323490143,0.4487788677215576,0.88838345,0.02237434,0.7583469,0.34585315,0.3778386,False
BS_RGQMYLQYOQSZDJMCGZHUC,0,0,0.1889285743236541,0.0103692943230271,0.6457265615463257,0.5730769038200378,0.525665283203125,0.14800793,0.08419912,0.6077438,0.45376766,0.41982484,False
BS_RGQMYLQYOQSZDJMCGZHUC,1,1,0.2938809692859649,0.0081721991300582,0.75038081407547,0.6461538672447205,0.5863142609596252,0.16154844,0.13416079,0.73586667,0.5138714,0.46726692,False
BS_RGQMYLQYOQSZDJMCGZHUC,2,2,0.2206904888153076,0.0132012451067566,0.7041946649551392,0.5615384578704834,0.5276204943656921,0.12973975,0.12988085,0.7204578,0.41017026,0.38763803,False
BS_RGQMYLQYOQSZDJMCGZHUC,3,3,0.125452384352684,0.0075352699495851,0.5546693205833435,0.557692289352417,0.5129415392875671,0.118846774,0.1047648,0.58353275,0.4164931,0.37967157,False
BS_RGQMYLQYOQSZDJMCGZHUC,4,4,0.3359524011611938,0.0085954358801245,0.7335150241851807,0.6038461923599243,0.561279296875,0.05177118,0.14883468,0.7702753,0.36338782,0.3296073,False
BS_RGQMYLQYOQSZDJMCGRJLQ,0,0,0.1889285743236541,0.0103692943230271,0.6457265615463257,0.5730769038200378,0.525665283203125,0.18081385,0.0671683,0.63939315,0.40483788,0.3766534,False
BS_RGQMYLQYOQSZDJMCGRJLQ,1,1,0.2938809692859649,0.0081721991300582,0.75038081407547,0.6461538672447205,0.5863142609596252,0.2686436,0.054116704,0.8155702,0.28559318,0.27516383,False
BS_RGQMYLQYOQSZDJMCGRJLQ,2,2,0.2206904888153076,0.0132012451067566,0.7041946649551392,0.5615384578704834,0.5276204943656921,0.163481,0.07930624,0.6721471,0.47956762,0.44321752,False
BS_RGQMYLQYOQSZDJMCGRJLQ,3,3,0.125452384352684,0.0075352699495851,0.5546693205833435,0.557692289352417,0.5129415392875671,0.17293996,0.10290272,0.55631214,0.43531054,0.3984673,False
BS_RGQMYLQYOQSZDJMCGRJLQ,4,4,0.3359524011611938,0.0085954358801245,0.7335150241851807,0.6038461923599243,0.561279296875,0.14824462,0.053697772,0.7381366,0.53721416,0.48181444,False
BS_RGQMYLQYOQSZDJMCGMQVY,0,0,0.1618571430444717,0.0156742744147777,0.6525683999061584,0.3499999940395355,0.314530998468399,0.12411544,0.19460967,0.6689437,0.43474838,0.40106422,False
BS_RGQMYLQYOQSZDJMCGMQVY,1,1,0.2630952596664428,0.0112323649227619,0.758296012878418,0.3730768859386444,0.3441656827926636,0.1949088,0.5367098,0.7143376,0.38199276,0.34531653,False
BS_RGQMYLQYOQSZDJMCGMQVY,2,2,0.1513571441173553,0.0226618256419897,0.7112513184547424,0.3538461625576019,0.3221961855888366,0.16357669,0.0998364,0.7216728,0.53123784,0.48492956,False
BS_RGQMYLQYOQSZDJMCGMQVY,3,3,0.2292142957448959,0.0088713690638542,0.5614944100379944,0.3384615182876587,0.2979347109794616,0.14506239,0.16153213,0.58962244,0.42705172,0.37370792,False
BS_RGQMYLQYOQSZDJMCGMQVY,4,4,0.271880954504013,0.0149875516071915,0.7418226599693298,0.3538461625576019,0.3279450535774231,0.25100493,0.042584866,0.7741841,0.57168984,0.5286227,False
BS_RGQMYLQYOQSZDJMCGJOHA,0,0,0.1618571430444717,0.0156742744147777,0.6525683999061584,0.3499999940395355,0.314530998468399,0.1777825,0.08723032,0.67474604,0.5284723,0.4829691,False
BS_RGQMYLQYOQSZDJMCGJOHA,1,1,0.2630952596664428,0.0112323649227619,0.758296012878418,0.3730768859386444,0.3441656827926636,0.18035957,0.0647471,0.75220686,0.53714323,0.4892395,False
BS_RGQMYLQYOQSZDJMCGJOHA,2,2,0.1513571441173553,0.0226618256419897,0.7112513184547424,0.3538461625576019,0.3221961855888366,0.16874361,0.08521796,0.6769329,0.557348,0.49348062,False
BS_RGQMYLQYOQSZDJMCGJOHA,3,3,0.2292142957448959,0.0088713690638542,0.5614944100379944,0.3384615182876587,0.2979347109794616,0.18818867,0.031193994,0.6083468,0.5196927,0.47068346,False
BS_RGQMYLQYOQSZDJMCGJOHA,4,4,0.271880954504013,0.0149875516071915,0.7418226599693298,0.3538461625576019,0.3279450535774231,0.150693,0.1453434,0.72584885,0.5751864,0.51733613,False
BS_RGQMYLQYOQSZDJMCGEAZI,0,0,0.1618571430444717,0.0156742744147777,0.6525683999061584,0.3499999940395355,0.314530998468399,0.12907514,0.25126296,0.6680323,0.44351286,0.4040202,False
BS_RGQMYLQYOQSZDJMCGEAZI,1,1,0.2630952596664428,0.0112323649227619,0.758296012878418,0.3730768859386444,0.3441656827926636,0.111209914,0.31749612,0.7635829,0.43809193,0.39476484,False
BS_RGQMYLQYOQSZDJMCGEAZI,2,2,0.1513571441173553,0.0226618256419897,0.7112513184547424,0.3538461625576019,0.3221961855888366,0.15325207,0.102399714,0.75203013,0.45835093,0.42918563,False
BS_RGQMYLQYOQSZDJMCGEAZI,3,3,0.2292142957448959,0.0088713690638542,0.5614944100379944,0.3384615182876587,0.2979347109794616,0.14577612,0.40771836,0.603215,0.40394777,0.35466823,False
BS_RGQMYLQYOQSZDJMCGEAZI,4,4,0.271880954504013,0.0149875516071915,0.7418226599693298,0.3538461625576019,0.3279450535774231,0.16401902,0.038808934,0.7780015,0.49289683,0.44472253,False
BS_RGQMYLQYOQSZDJMCGFKCR,0,0,0.1212619096040725,0.0,0.5674209594726562,0.5115385055541992,0.4606859982013702,0.09672946,0.06663973,0.6222091,0.37944207,0.33346534,False
BS_RGQMYLQYOQSZDJMCGFKCR,1,1,0.1744047701358795,0.0,0.5560113191604614,0.5230768918991089,0.485734611749649,0.09473199,-0.0012315408,0.5572845,0.3557229,0.29712677,False
BS_RGQMYLQYOQSZDJMCGFKCR,2,2,0.1569523960351944,0.0,0.6250422596931458,0.5076923370361328,0.4594516158103943,0.09626454,-2.5211275e-05,0.6345782,0.33620995,0.2891065,False
BS_RGQMYLQYOQSZDJMCGFKCR,3,3,0.1058095321059227,0.0,0.5960888862609863,0.5269230604171753,0.4774348735809326,0.13884701,0.03593564,0.6042553,0.40955788,0.36518437,False
BS_RGQMYLQYOQSZDJMCGFKCR,4,4,0.2220476269721985,0.0,0.6727655529975891,0.5384615063667297,0.4944205582141876,0.1441918,0.027273506,0.6969239,0.3490739,0.31703424,False
BS_VSISSLREEUZBVSBTGZWND,0,0,0.0475238114595413,0.0,0.5611164569854736,0.5846153497695923,0.5130825638771057,0.5487269,-0.03245179,0.5747481,0.28497046,0.2906242,False
BS_VSISSLREEUZBVSBTGZWND,1,1,0.0725238099694252,0.0,0.6110941767692566,0.6000000238418579,0.5312068462371826,0.5004896,-0.014553936,0.651562,0.29869097,0.31048724,False
BS_VIMOGDWJUPDQOSDDGPXMP,0,0,0.1451428681612014,0.0119190877303481,0.5751599073410034,0.3346153795719147,0.2988039255142212,0.20325544,0.07052752,0.52600884,0.42233166,0.3691508,False
BS_VIMOGDWJUPDQOSDDGPXMP,1,1,0.289309561252594,0.0150954350829124,0.6591073274612427,0.3538461625576019,0.3236347138881683,0.18606487,0.120380916,0.6888345,0.48178583,0.43799067,False
BS_VIMOGDWJUPDQOSDDGPXMP,2,2,0.2875476479530334,0.0,0.3964051902294159,0.3307692408561706,0.2869894206523895,0.56414974,-0.003993218,0.44937813,0.38671762,0.36338294,False
BS_VIMOGDWJUPDQOSDDGPXMP,3,3,0.1749523878097534,0.0,0.4322273433208465,0.3230769038200378,0.2791895270347595,0.50617075,-0.005314149,0.43556237,0.37222517,0.34449562,False
BS_LKLYCGTUCZTZMUMLGJMSB,0,0,0.2058809697628021,0.0,0.5752771496772766,0.3653846085071563,0.3238967359066009,0.19933534,0.08450437,0.6011116,0.49151522,0.45034146,False
BS_LKLYCGTUCZTZMUMLGJMSB,1,1,0.0441190488636493,0.0,0.5508537292480469,0.3538461625576019,0.310655266046524,0.1416161,0.016644806,0.5372226,0.56800675,0.4916743,False
BS_LKLYCGTUCZTZMUMLGJMSB,2,2,0.1990000009536743,0.0,0.6677674055099487,0.3692307472229004,0.3346073627471924,0.18462333,0.10872821,0.63950783,0.4520395,0.4100566,False
BS_LKLYCGTUCZTZMUMLGJMSB,3,3,0.0480000004172325,0.0,0.5245683193206787,0.3423076868057251,0.3004066348075866,0.12990388,-0.0010756701,0.5334823,0.55704653,0.49234247,False
BS_JZWCTUJBFYZVZSTTGWRAK,0,0,0.2178809642791748,0.0133257256820797,0.5945386290550232,0.4730769395828247,0.4458965361118316,0.14035055,0.108054705,0.60695887,0.49495178,0.43255764,False
BS_JZWCTUJBFYZVZSTTGWRAK,1,1,0.2133095413446426,0.0,0.5535857677459717,0.4807692170143127,0.4423175752162933,0.31542242,0.091614164,0.47695142,0.41581973,0.36278588,False
BS_JZWCTUJBFYZVZSTTGWRAK,2,2,0.198595255613327,0.0,0.5432378053665161,0.4730769395828247,0.4419176876544952,0.11500919,0.3982767,0.5311784,0.39345205,0.3429035,False
BS_JZWCTUJBFYZVZSTTGWRAK,3,3,0.2678333520889282,0.008761410601437,0.661064624786377,0.4999999701976776,0.4680070579051971,0.1449697,0.35103777,0.65871406,0.40739602,0.37090462,False
BS_JZWCTUJBFYZVZSTTGWRAK,4,4,0.2424047738313675,0.0107821570709347,0.6859984993934631,0.4923076629638672,0.4657929539680481,0.13754532,0.1314576,0.6364902,0.4769752,0.43034583,False
BS_JZWCTUJBFYZVZSTTGWRAK,5,5,0.2921666800975799,0.0,0.6113330125808716,0.4961538314819336,0.4552622735500335,0.49608994,0.07847955,0.56481254,0.41735265,0.3910474,False
BS_JZWCTUJBFYZVZSTTGWRAK,6,6,0.2784047722816467,0.0109149375930428,0.7443086504936218,0.4999999701976776,0.4803624749183655,0.16902453,0.16597006,0.74489444,0.45364875,0.4238851,False
BS_JZWCTUJBFYZVZSTTGNXAT,0,0,0.1908095329999923,0.0,0.5807172656059265,0.5384615063667297,0.5633797645568848,0.26908082,0.42381746,0.6028185,0.31436145,0.2813473,False
BS_JZWCTUJBFYZVZSTTGNXAT,1,1,0.1220476254820823,0.0,0.542444109916687,0.4692308008670807,0.540034830570221,0.21266118,0.5416651,0.51636714,0.31414902,0.2746555,False
BS_JZWCTUJBFYZVZSTTGNXAT,2,2,0.1802381128072738,0.0,0.531017005443573,0.4923076629638672,0.5492659211158752,0.12696713,0.64290804,0.5769556,0.3179028,0.26246735,False
BS_JZWCTUJBFYZVZSTTGNXAT,3,3,0.2289523929357528,0.0,0.6491809487342834,0.4999999701976776,0.576417088508606,0.0898802,0.5091344,0.65299135,0.39637133,0.35018456,False
BS_JZWCTUJBFYZVZSTTGNXAT,4,4,0.2062619179487228,0.0,0.6723992824554443,0.5461537837982178,0.5862584710121155,0.15988281,0.40470988,0.6489992,0.37365368,0.34389132,False
BS_JZWCTUJBFYZVZSTTGNXAT,5,5,0.1872381120920181,0.0,0.6003865003585815,0.4615384340286255,0.553493082523346,0.2577256,0.30821803,0.56542027,0.32218474,0.26920307,False
BS_JZWCTUJBFYZVZSTTGNXAT,6,6,0.2491190731525421,0.0,0.7311994433403015,0.5423076748847961,0.5998756289482117,0.117381126,0.20713854,0.7442735,0.45443243,0.4189279,False
BS_JZWCTUJBFYZVZSTTGRVPZ,0,0,0.1908095329999923,0.0,0.5807172656059265,0.5384615063667297,0.5633797645568848,0.16213894,0.7327444,0.65635103,0.31424707,0.28480887,False
BS_JZWCTUJBFYZVZSTTGRVPZ,1,1,0.1220476254820823,0.0,0.542444109916687,0.4692308008670807,0.540034830570221,0.14517581,0.03640399,0.5780494,0.40215793,0.36622375,False
BS_JZWCTUJBFYZVZSTTGRVPZ,2,2,0.1802381128072738,0.0,0.531017005443573,0.4923076629638672,0.5492659211158752,0.16799024,0.03316679,0.5884164,0.44033095,0.4071508,False
BS_JZWCTUJBFYZVZSTTGRVPZ,3,3,0.2289523929357528,0.0,0.6491809487342834,0.4999999701976776,0.576417088508606,0.25152028,-0.003353145,0.7012207,0.52559286,0.49781716,False
BS_JZWCTUJBFYZVZSTTGRVPZ,4,4,0.2062619179487228,0.0,0.6723992824554443,0.5461537837982178,0.5862584710121155,0.1871663,0.34917223,0.6440865,0.3838787,0.35843602,False
BS_JZWCTUJBFYZVZSTTGRVPZ,5,5,0.1872381120920181,0.0,0.6003865003585815,0.4615384340286255,0.553493082523346,0.11131665,0.01776345,0.60663486,0.36318195,0.3127172,False
BS_JZWCTUJBFYZVZSTTGRVPZ,6,6,0.2491190731525421,0.0,0.7311994433403015,0.5423076748847961,0.5998756289482117,0.27829108,0.0878376,0.7467989,0.4831895,0.45742905,False
BS_QVIXWUUDSDLIMYSNGOMND,0,0,0.0838809534907341,0.0,0.8678479194641113,0.5615384578704834,0.6418004631996155,0.17052925,0.08189949,0.8236467,0.4028196,0.37458953,False
BS_QVIXWUUDSDLIMYSNGOMND,1,1,0.0696666687726974,0.0,0.7668781876564026,0.5269230604171753,0.6185207962989807,0.193066,0.07629704,0.79981816,0.40641984,0.38578606,False
BS_QVIXWUUDSDLIMYSNGOMND,2,2,0.0912619084119796,0.0,0.741189181804657,0.5192307829856873,0.6100137829780579,0.19667104,0.058877297,0.7774819,0.41669443,0.3939818,False
BS_QVIXWUUDSDLIMYSNGPGBC,0,0,0.0158095248043537,0.0,0.8887972831726074,0.5230768918991089,0.4826070964336395,0.1934849,0.031182036,0.88042593,0.5076402,0.46126562,False
BS_QVIXWUUDSDLIMYSNGPGBC,1,1,0.0774285718798637,0.0,0.7885687947273254,0.5038461089134216,0.4647585153579712,0.17570138,0.06084626,0.8434823,0.45385885,0.42161208,False
BS_QVIXWUUDSDLIMYSNGPGBC,2,2,0.1360476166009903,0.0,0.7632722854614258,0.5038461089134216,0.4618246257305145,0.12605897,0.03344503,0.8184851,0.40489343,0.37086025,False
BS_SOWABXVHTKTQQUKJGAYKH,0,0,0.2072619199752807,0.0,0.7602940797805786,0.6884616017341614,0.7044867277145386,0.37509617,0.107163645,0.80559176,0.32460123,0.32622817,False
BS_SOWABXVHTKTQQUKJGAYKH,1,1,0.2463333457708358,0.0,0.7905821800231934,0.7115384340286255,0.7172693610191345,0.4342457,0.04008033,0.8227568,0.37662056,0.37978685,False
BS_SOWABXVHTKTQQUKJGAYKH,2,2,0.25,0.0,0.8597114086151123,0.7230769395828247,0.7313516736030579,0.30001986,0.075074024,0.8701414,0.25468713,0.2558841,False
BS_SOWABXVHTKTQQUKJGHNEN,0,0,0.2072619199752807,0.0,0.7602940797805786,0.6884616017341614,0.7044867277145386,0.36572117,0.0378407,0.8341017,0.39211842,0.39389002,False
BS_SOWABXVHTKTQQUKJGHNEN,1,1,0.2463333457708358,0.0,0.7905821800231934,0.7115384340286255,0.7172693610191345,0.3582926,-0.002646278,0.7890289,0.4147314,0.39185947,False
BS_SOWABXVHTKTQQUKJGHNEN,2,2,0.25,0.0,0.8597114086151123,0.7230769395828247,0.7313516736030579,0.59416854,-0.009840466,0.8436162,0.3475077,0.3628255,False
BS_BTORJMRHAWKETPPTGLYZB,0,0,0.2063095420598983,0.0092406636103987,0.8932514786720276,0.4769230782985687,0.4402065873146057,0.21024358,0.14165586,0.840781,0.559878,0.50965995,False
BS_BTORJMRHAWKETPPTGLYZB,1,1,0.1626190543174743,0.0127593362703919,0.8163585662841797,0.4576922655105591,0.4215066730976105,0.1767517,0.14863542,0.8257419,0.46586466,0.43506294,False
BS_BTORJMRHAWKETPPTGLYZB,2,2,0.3023095428943634,0.0,0.9037997126579284,0.4730769395828247,0.4381377100944519,0.22751641,0.116768606,0.84545106,0.6328872,0.5788036,False
BS_BTORJMRHAWKETPPTGLYZB,3,3,0.271880954504013,0.0,0.8584924340248108,0.4576922655105591,0.4240691065788269,0.19062921,0.1453282,0.82929367,0.50635654,0.46041906,False
BS_BTORJMRHAWKETPPTGIVTQ,0,0,0.2683571577072143,0.0,0.799776017665863,0.5153846144676208,0.5130204558372498,0.13233617,0.18481848,0.81538093,0.46565902,0.4424646,False
BS_BTORJMRHAWKETPPTGIVTQ,1,1,0.3415714502334595,0.0,0.8168384432792664,0.5269230604171753,0.5156270861625671,0.1670951,0.15398774,0.7926524,0.51002824,0.46715438,False
BS_BTORJMRHAWKETPPTGIVTQ,2,2,0.0556428618729114,0.0,0.7366657853126526,0.5192307829856873,0.4927273392677307,0.0977426,0.13993889,0.79602075,0.4368172,0.42025048,False
BS_BTORJMRHAWKETPPTGIVTQ,3,3,0.0853809565305709,0.0,0.7613258957862854,0.5307692289352417,0.494903564453125,0.25416982,0.15765068,0.78802395,0.49238008,0.46214598,False
BS_ZFEHOBUQJTWGDWKMGFKWJ,0,0,0.1279523819684982,0.0,0.8983501195907593,0.5769230723381042,0.5815482139587402,0.17316693,0.09356394,0.87615156,0.46209452,0.42611736,False
BS_ZFEHOBUQJTWGDWKMGFKWJ,1,1,0.1148095279932022,0.0,0.851411759853363,0.5961538553237915,0.5682341456413269,0.17089891,0.12400497,0.8548127,0.55114233,0.50318104,False
BS_ZFEHOBUQJTWGDWKMGFKWJ,2,2,0.0903095304965972,0.0,0.9021424055099488,0.6115384697914124,0.579833984375,0.16889161,0.15251514,0.8911043,0.54828125,0.5156587,False
BS_ZFEHOBUQJTWGDWKMGFKWJ,3,3,0.1073571443557739,0.0,0.9032688736915588,0.5692307353019714,0.5812135934829712,0.1647647,0.13075835,0.87871546,0.46370617,0.4354552,False
BS_ZFEHOBUQJTWGDWKMGFKWJ,4,4,0.0486904792487621,0.0,0.9232606887817384,0.5653846263885498,0.5883409976959229,0.15516102,0.18479985,0.9084444,0.45468453,0.4416188,False
BS_ZFEHOBUQJTWGDWKMGYCWI,0,0,0.1279523819684982,0.0,0.8983501195907593,0.5769230723381042,0.5815482139587402,0.15650144,0.046879597,0.8879791,0.47509548,0.4226218,False
BS_ZFEHOBUQJTWGDWKMGYCWI,1,1,0.1148095279932022,0.0,0.851411759853363,0.5961538553237915,0.5682341456413269,0.2175172,0.04353889,0.87635064,0.3787359,0.35914677,False
BS_ZFEHOBUQJTWGDWKMGYCWI,2,2,0.0903095304965972,0.0,0.9021424055099488,0.6115384697914124,0.579833984375,0.23573035,0.119137116,0.93326753,0.30585217,0.31513977,False
BS_ZFEHOBUQJTWGDWKMGYCWI,3,3,0.1073571443557739,0.0,0.9032688736915588,0.5692307353019714,0.5812135934829712,0.13547194,0.07715558,0.88544536,0.42463988,0.39642116,False
BS_ZFEHOBUQJTWGDWKMGYCWI,4,4,0.0486904792487621,0.0,0.9232606887817384,0.5653846263885498,0.5883409976959229,0.094765484,0.14349619,0.91492707,0.36479968,0.3470035,False
BS_AKYOVQFJCLOWQWDLGPLHI,0,0,0.4156666994094848,0.0,0.8936039209365845,0.2038461565971374,0.2227930575609207,0.4108379,0.2644911,0.90360147,0.464316,0.43483567,False
BS_AKYOVQFJCLOWQWDLGPLHI,1,1,0.3650714457035064,0.0,1.0267856121063232,0.2230769395828247,0.2522761821746826,0.32347193,0.14799377,0.94405466,0.62819874,0.5750041,False
BS_AKYOVQFJCLOWQWDLGPLHI,2,2,0.4275714457035064,0.0,0.9936955571174622,0.2153846025466919,0.2409962564706802,0.3982358,0.17064142,0.9505116,0.50081384,0.47293997,False
BS_GXTXMSGFPGFADKYLGHVNO,0,0,0.0413095243275165,0.0,0.9727301597595216,0.453846126794815,0.4281374216079712,0.04578656,0.09867331,0.92532104,0.44765428,0.40845746,False
BS_GXTXMSGFPGFADKYLGHVNO,1,1,0.0270714312791824,0.0,0.9841755032539368,0.453846126794815,0.4341451823711395,0.0276196,0.04268633,0.9373241,0.46235144,0.41240424,False
BS_GXTXMSGFPGFADKYLGVAEW,0,0,0.1875714361667633,0.0128257256001234,0.7717714309692383,0.5653846263885498,0.5082481503486633,0.18395585,0.082830556,0.79558206,0.4359851,0.39993423,False
BS_GXTXMSGFPGFADKYLGVAEW,1,1,0.1319762021303177,0.019421162083745,0.7081806659698486,0.5346153378486633,0.4823450446128845,0.17210227,0.03272585,0.7648514,0.41945377,0.3914065,False
BS_VSIQZUOXEPWRNOWWGDYIJ,0,0,0.1322857141494751,0.0,0.9986667037010192,0.4730769395828247,0.5347342491149902,0.22703344,0.018283725,0.96695405,0.52134955,0.48073953,False
BS_VSIQZUOXEPWRNOWWGDYIJ,1,1,0.0938333421945571,0.0,0.9951103329658508,0.4807692170143127,0.5228934288024902,0.2389209,0.04119508,0.94505227,0.5570141,0.50835264,False
BS_VSIQZUOXEPWRNOWWGDYIJ,2,2,0.192023828625679,0.0,0.9400959014892578,0.4846153855323791,0.5055763125419617,0.24682274,0.08091793,0.9174867,0.63526326,0.5797341,False
BS_VSIQZUOXEPWRNOWWGDATY,0,0,0.1322857141494751,0.0,0.9986667037010192,0.4730769395828247,0.5347342491149902,0.38737303,0.04430438,0.95238423,0.44890448,0.43167275,False
BS_VSIQZUOXEPWRNOWWGDATY,1,1,0.0938333421945571,0.0,0.9951103329658508,0.4807692170143127,0.5228934288024902,0.29697454,0.08046118,0.949771,0.42310193,0.39908248,False
BS_VSIQZUOXEPWRNOWWGDATY,2,2,0.192023828625679,0.0,0.9400959014892578,0.4846153855323791,0.5055763125419617,0.37659195,0.090817235,0.9433555,0.37241936,0.36840183,False
BS_QTHCUIYSNXUEXGOJGISOA,0,0,0.2164762020111084,0.0,0.737708568572998,0.4769230782985687,0.4461238384246826,0.14339009,0.23311126,0.75307024,0.43092215,0.4048105,False
BS_QTHCUIYSNXUEXGOJGISOA,1,1,0.316738098859787,0.0092717846855521,0.5023461580276489,0.4115384221076965,0.3914689719676971,0.11247875,0.16369557,0.49034274,0.3979559,0.3413633,False
BS_QTHCUIYSNXUEXGOJGISOA,2,2,0.2607142925262451,0.0,0.7720547318458557,0.4807692170143127,0.4514002203941345,0.19041425,0.17192599,0.7837001,0.42101318,0.39211848,False
BS_QTHCUIYSNXUEXGOJGISOA,3,3,0.3437857329845428,0.0,0.6488685607910156,0.4653846323490143,0.4322414994239807,0.09557471,0.21581835,0.6306062,0.41065362,0.36344513,False
BS_QTHCUIYSNXUEXGOJGISOA,4,4,0.4736905097961426,0.0105539420619606,0.3408882915973663,0.396153837442398,0.3678210079669952,0.07277894,0.098962344,0.42431223,0.40220994,0.33900517,False
BS_NSMPIEGVVVWLCENMGORNN,0,0,0.2607142925262451,0.0,0.7720547318458557,0.4807692170143127,0.4514002203941345,0.26120698,0.20130128,0.8313607,0.42083487,0.38159376,False
BS_OLLUYVDEBRQUDDNIGPUCE,0,0,0.044690478593111,0.0,0.6749675273895264,0.4999999701976776,0.448716789484024,0.1882692,0.23835662,0.7114724,0.43524212,0.38187838,False
BS_EWKTPWJPKEHQLBIHGEIPW,0,0,0.0395000018179416,0.0,0.5693585872650146,0.396153837442398,0.3562064468860626,0.170304,0.15199426,0.6099541,0.47600904,0.42571783,False
BS_EWKTPWJPKEHQLBIHGEIPW,1,1,0.0544523820281028,0.0,0.5906938910484314,0.4038461446762085,0.3641315400600433,0.17253178,0.103884645,0.5777626,0.47575775,0.42197156,False
BS_EWKTPWJPKEHQLBIHGEIPW,2,2,0.0638571456074714,0.0058858916163444,0.5723724961280823,0.4076922833919525,0.3685239553451538,0.0706754,0.2913872,0.58589846,0.4799194,0.40986347,False
BS_EWKTPWJPKEHQLBIHGEIPW,3,3,0.1055952459573745,0.0070373439230024,0.8323462009429932,0.4384615421295166,0.4078895449638366,0.40778017,0.07261119,0.80074555,0.55274355,0.52752626,False
BS_LIRFUWSRWJALFZVMGHROL,0,0,0.6192857623100281,0.0,0.575411856174469,0.3692307472229004,0.5839349031448364,0.45166016,0.121991836,0.5241518,0.38037416,0.33472812,False
BS_LIRFUWSRWJALFZVMGHROL,1,1,0.6335000395774841,0.0,0.5931157469749451,0.3499999940395355,0.5856070518493652,0.44465232,0.07002921,0.5120632,0.39572942,0.35927308,False
BS_LIRFUWSRWJALFZVMGHROL,2,2,0.517047643661499,0.0,0.5709467530250549,0.3499999940395355,0.5870792865753174,0.37486723,0.0061149523,0.5242018,0.45077354,0.40617818,False
BS_LIRFUWSRWJALFZVMGHROL,3,3,0.5271428823471069,0.0,0.6052601337432861,0.3807692527770996,0.5919831395149231,0.51671576,0.044149898,0.58733374,0.38210738,0.36606133,False
BS_LIRFUWSRWJALFZVMGJBJD,0,0,0.1745000183582306,0.0,0.5559669137001038,0.4692308008670807,0.4357583820819855,0.1295276,0.12198437,0.58825535,0.49653652,0.44542682,False
BS_LIRFUWSRWJALFZVMGJBJD,1,1,0.0300000011920928,0.0145311197265982,0.5730525851249695,0.4730769395828247,0.4359657168388366,0.09798686,0.018897705,0.57141703,0.446927,0.38741338,False
BS_LIRFUWSRWJALFZVMGJBJD,2,2,0.0247142873704433,0.0223630703985691,0.5518949627876282,0.4576922655105591,0.4271997809410095,0.12437987,0.046514682,0.5662714,0.46238357,0.41248178,False
BS_LIRFUWSRWJALFZVMGJBJD,3,3,0.2165476232767105,0.0150601658970117,0.5880863070487976,0.4692308008670807,0.436479240655899,0.14778599,0.015670307,0.56988657,0.5333766,0.46703547,False
BS_LIRFUWSRWJALFZVMGTHQR,0,0,0.4659523963928222,0.0,0.8738196492195129,0.6307691335678101,0.5617728233337402,0.33033845,-0.0009632245,0.8952226,0.38369793,0.37552807,False
BS_LIRFUWSRWJALFZVMGTHQR,1,1,0.4974047541618347,0.0099107883870601,0.7639050483703613,0.6000000238418579,0.533931314945221,0.23291644,0.12423346,0.802108,0.494474,0.47005886,False
BS_LIRFUWSRWJALFZVMGTHQR,2,2,0.4543571770191192,0.0153485471382737,0.7799021601676941,0.6076922416687012,0.5398275256156921,0.21503821,0.060249843,0.8022638,0.5441698,0.50919604,False
BS_LIRFUWSRWJALFZVMGTHQR,3,3,0.457238107919693,0.0,0.8397822380065918,0.623076856136322,0.555424153804779,0.24925709,0.043387465,0.8793511,0.42105702,0.40268087,False
BS_LIRFUWSRWJALFZVMGPYEE,0,0,0.3018809556961059,0.007087136618793,0.8990877270698547,0.6615384817123413,0.662593424320221,0.17414117,0.043311432,0.89278036,0.37080026,0.3366816,False
BS_LIRFUWSRWJALFZVMGPYEE,1,1,0.4228571653366089,0.024773858487606,0.7878814339637756,0.5961538553237915,0.5998103618621826,0.2842483,0.10372632,0.813216,0.3947576,0.37790608,False
BS_LIRFUWSRWJALFZVMGPYEE,2,2,0.3794285953044891,0.0143112037330865,0.8046489357948303,0.623076856136322,0.6228963732719421,0.73211855,0.0325286,0.8267109,0.3288527,0.36320505,False
BS_LIRFUWSRWJALFZVMGPYEE,3,3,0.2817619144916534,0.0,0.8656750917434692,0.6576922535896301,0.6617894768714905,0.58343345,0.012273572,0.9025439,0.298898,0.32970142,False
BS_LIRFUWSRWJALFZVMGYJPP,0,0,0.3018809556961059,0.007087136618793,0.8990877270698547,0.6615384817123413,0.662593424320221,0.17301223,0.081639685,0.88910097,0.52770686,0.4776289,False
BS_LIRFUWSRWJALFZVMGYJPP,1,1,0.4228571653366089,0.024773858487606,0.7878814339637756,0.5961538553237915,0.5998103618621826,0.14053535,0.12513936,0.7829142,0.54440904,0.49533123,False
BS_LIRFUWSRWJALFZVMGYJPP,2,2,0.3794285953044891,0.0143112037330865,0.8046489357948303,0.623076856136322,0.6228963732719421,0.13871346,0.18671927,0.84738106,0.38407448,0.37465498,False
BS_LIRFUWSRWJALFZVMGYJPP,3,3,0.2817619144916534,0.0,0.8656750917434692,0.6576922535896301,0.6617894768714905,0.087354094,0.06845773,0.8744668,0.3259833,0.31615,False
BS_LIRFUWSRWJALFZVMGQSKC,0,0,0.3018809556961059,0.007087136618793,0.8990877270698547,0.6615384817123413,0.662593424320221,0.62969065,0.03499282,0.90868825,0.33948544,0.35439447,False
BS_LIRFUWSRWJALFZVMGQSKC,1,1,0.4228571653366089,0.024773858487606,0.7878814339637756,0.5961538553237915,0.5998103618621826,0.53915095,0.026376285,0.8253374,0.33620209,0.35818484,False
BS_LIRFUWSRWJALFZVMGQSKC,2,2,0.3794285953044891,0.0143112037330865,0.8046489357948303,0.623076856136322,0.6228963732719421,0.4049918,0.029225044,0.874125,0.26987836,0.2807921,False
BS_LIRFUWSRWJALFZVMGQSKC,3,3,0.2817619144916534,0.0,0.8656750917434692,0.6576922535896301,0.6617894768714905,0.574449,0.041528665,0.89043266,0.29855412,0.3320767,False
BS_FAHNTAOAZUMEITLFGDIHT,0,0,0.1403333395719528,0.0,0.9097350239753724,0.6346153616905212,0.5506970882415771,0.7999115,0.0958016,0.9097677,0.39244103,0.4151836,False
BS_FAHNTAOAZUMEITLFGDIHT,1,1,0.1399047672748565,0.0,0.9083158373832704,0.6192308068275452,0.5444409847259521,0.745948,0.098296694,0.91640604,0.36879158,0.39525393,False
BS_BTZYAKTNFLHDMONQGASWO,0,0,0.3292619287967682,0.0,0.8755861520767212,0.5692307353019714,0.5153998136520386,0.17816651,0.05488027,0.86715657,0.42867568,0.39543653,False
BS_BTZYAKTNFLHDMONQGASWO,1,1,0.0822619050741195,0.0,0.8264465928077698,0.5461537837982178,0.4968408942222595,0.19789913,0.039011277,0.8456996,0.56832206,0.5196688,False
BS_BTZYAKTNFLHDMONQGASWO,2,2,0.3369523882865906,0.0,0.8984469771385193,0.5807691812515259,0.5248486995697021,0.1652047,0.044501312,0.88125217,0.3303205,0.31279743,False
BS_QVBXNBUJPWBONOCXGZDEH,0,0,0.1175238192081451,0.0,0.7963201403617859,0.4692308008670807,0.4406411945819855,0.1488117,0.09324465,0.7485373,0.6242775,0.55829924,False
BS_QVBXNBUJPWBONOCXGZDEH,1,1,0.1162857189774513,0.0,0.8815804123878479,0.4769230782985687,0.4597483575344085,0.18096656,0.050974436,0.85773396,0.46378058,0.4191689,False
BS_QVBXNBUJPWBONOCXGZDEH,2,2,0.1087142899632453,0.0,0.7457664608955383,0.453846126794815,0.429978996515274,0.17926478,0.072242506,0.7771508,0.5442457,0.4891382,False
BS_QVBXNBUJPWBONOCXGCBRM,0,0,0.1170952469110488,0.0,0.6527162194252014,0.5038461089134216,0.4589275419712066,0.11139576,0.04959902,0.62260586,0.5821154,0.49824673,False
BS_QVBXNBUJPWBONOCXGCBRM,1,1,0.1090000048279762,0.0,0.768619954586029,0.5192307829856873,0.4845928251743316,0.06572184,0.12947154,0.75081813,0.6217413,0.5506896,False
BS_QVBXNBUJPWBONOCXGCBRM,2,2,0.0797619074583053,0.0,0.6425473690032959,0.4923076629638672,0.4503584206104278,0.115077004,0.100581564,0.676287,0.60031545,0.53344834,False
BS_REHLHAEPPSFCCCMBGIABQ,0,0,0.0838095247745513,0.0117385890334844,0.7418408989906311,0.5038461089134216,0.4720174968242645,0.24869713,0.02045612,0.79262555,0.6144064,0.56619906,False
BS_REHLHAEPPSFCCCMBGIABQ,1,1,0.0760476291179657,0.0054336101748049,0.909528911113739,0.5653846263885498,0.5219168663024902,0.27444226,0.014479063,0.9083877,0.68269503,0.6189267,False
BS_REHLHAEPPSFCCCMBGIABQ,2,2,0.0781666710972786,0.008396266028285,0.8380659222602844,0.550000011920929,0.5062308311462402,0.30499452,-9.4926356e-05,0.92861676,0.8063465,0.74588543,False
BS_CXJXAYNFSXJYGICVGOOUC,0,0,0.5851190686225891,0.0,0.9506754279136658,0.6807692646980286,0.6006690859794617,0.15173715,0.0002574697,0.90643644,0.4498253,0.40765142,False
BS_CXJXAYNFSXJYGICVGOOUC,1,1,0.5884047746658325,0.0,0.9494710564613342,0.6846153736114502,0.6050173044204712,0.13939402,0.02979792,0.90530443,0.45631027,0.40461856,False
BS_WGNTJEGLOOIANHVZGFRWL,0,0,0.378261923789978,0.0,1.0496231317520142,0.3076923191547394,0.3431586027145386,0.59421974,-0.010461112,1.0571797,0.43864462,0.44893324,False
BS_WGNTJEGLOOIANHVZGFRWL,1,1,0.3882619142532348,0.0,1.049963116645813,0.3192307651042938,0.3382589519023895,0.58625495,-0.009281801,1.0529104,0.4525691,0.46403116,False
BS_VHXTPAQYEPOSFSYEGURIU,0,0,0.2069285809993744,0.0,0.9769826531410216,0.3538461625576019,0.7514175176620483,0.17632684,0.04381705,0.8934098,0.45629925,0.4110059,False
BS_VHXTPAQYEPOSFSYEGURIU,1,1,0.2221666723489761,0.0,0.9366028904914856,0.3423076868057251,0.7333552837371826,0.16222516,0.07040527,0.88467795,0.46275717,0.41529495,False
BS_VHXTPAQYEPOSFSYEGDYIJ,0,0,0.1850476264953613,0.0,0.7981187105178833,0.6038461923599243,0.6266447901725769,0.13373715,0.095187,0.8608049,0.4455576,0.42107767,False
BS_VHXTPAQYEPOSFSYEGDYIJ,1,1,0.1889761984348297,0.0,0.873142421245575,0.6307691335678101,0.638427734375,0.10142262,0.03497126,0.8548296,0.41415375,0.38249925,False
BS_UDPOMMUGSZLKVOUMGYNUG,0,0,0.0985952392220497,0.0,0.8134859204292297,0.4615384340286255,0.4618761837482452,0.15450215,0.34230328,0.86724854,0.36731482,0.35472795,False
BS_UDPOMMUGSZLKVOUMGYNUG,1,1,0.1244285777211189,0.0,0.8825095891952515,0.4923076629638672,0.4833100438117981,0.1805925,0.12027056,0.8976035,0.3125721,0.30276585,False
BS_UDPOMMUGSZLKVOUMGYNUG,2,2,0.1818571537733078,0.0,0.8986348509788513,0.4923076629638672,0.4855451881885528,0.057311088,0.12139014,0.86814016,0.35730064,0.31893426,False
BS_UDPOMMUGSZLKVOUMGYNUG,3,3,0.1770952492952346,0.0,0.7829298973083496,0.4423076808452606,0.4486073553562164,0.34321874,0.3090766,0.8007416,0.38423717,0.35806867,False
BS_UDPOMMUGSZLKVOUMGYNUG,4,4,0.2652381062507629,0.015371368266642,0.7876651287078857,0.4230769574642181,0.4353995621204376,0.52347046,0.15261203,0.7627332,0.4233849,0.39995176,False
BS_UDPOMMUGSZLKVOUMGYNUG,5,5,0.101809523999691,0.0,0.8981819152832031,0.4923076629638672,0.4852210879325866,0.2579981,0.02338928,0.91209596,0.29836565,0.29491603,False
BS_UDPOMMUGSZLKVOUMGCRMD,0,0,0.1982381045818328,0.0,0.8644030094146729,0.4576922655105591,0.4499827325344085,0.21431476,0.07254963,0.879437,0.4136922,0.39220762,False
BS_UDPOMMUGSZLKVOUMGCRMD,1,1,0.0966666713356971,0.0,0.9337106347084044,0.4576922655105591,0.4885653853416443,0.064333975,0.061417587,0.90789515,0.3397044,0.3165275,False
BS_UDPOMMUGSZLKVOUMGCRMD,2,2,0.2220000028610229,0.0,0.9501256942749025,0.4961538314819336,0.4781999289989471,0.3454301,-0.008277784,0.98471665,0.38764787,0.39536273,False
BS_UDPOMMUGSZLKVOUMGCRMD,3,3,0.1645000129938125,0.0,0.834176778793335,0.4269230961799621,0.4284825921058655,0.18375155,0.12519169,0.8281624,0.49460372,0.45472157,False
BS_UDPOMMUGSZLKVOUMGCRMD,4,4,0.1828809678554535,0.0,0.8397341370582581,0.4115384221076965,0.4001412093639374,0.16522586,0.09862638,0.78746974,0.57258075,0.50192547,False
BS_UDPOMMUGSZLKVOUMGCRMD,5,5,0.140666663646698,0.0,0.9504140615463256,0.453846126794815,0.4803414046764374,0.024846375,0.14208513,0.9302632,0.35437775,0.33558834,False
BS_UDPOMMUGSZLKVOUMGIJWQ,0,0,0.2684761881828308,0.0084937755018472,0.9432438015937804,0.623076856136322,0.708220362663269,0.14371002,0.10001326,0.8864231,0.5135377,0.47427732,False
BS_UDPOMMUGSZLKVOUMGIJWQ,1,1,0.3097857236862182,0.0090311197564005,0.8912912607192993,0.615384578704834,0.6992103457450867,0.095985204,0.13120449,0.89153945,0.43636242,0.40860772,False
BS_UDPOMMUGSZLKVOUMGIJWQ,2,2,0.3645952343940735,0.0,0.9277229309082032,0.6269230842590332,0.7509965300559998,0.1545226,0.09448295,0.90016085,0.5713607,0.5208213,False
BS_UDPOMMUGSZLKVOUMGIJWQ,3,3,0.193261906504631,0.0217448119074106,0.8781980872154236,0.5884615182876587,0.6460960507392883,0.19986734,0.15170783,0.8507682,0.5006515,0.46803194,False
BS_UDPOMMUGSZLKVOUMGIJWQ,4,4,0.1514762043952942,0.0436307042837142,0.94052916765213,0.5961538553237915,0.6498823761940002,0.3663647,0.13539633,0.87835616,0.49259055,0.4752617,False
BS_UDPOMMUGSZLKVOUMGIJWQ,5,5,0.205976203083992,0.0193796679377555,0.8088387846946716,0.5769230723381042,0.63885498046875,0.08269888,0.101680286,0.82500654,0.4125938,0.38751948,False
BS_UDPOMMUGSZLKVOUMGEKII,0,0,0.2684761881828308,0.0084937755018472,0.9432438015937804,0.623076856136322,0.708220362663269,0.18177211,0.071060546,0.8898428,0.4186388,0.38076323,False
BS_UDPOMMUGSZLKVOUMGEKII,1,1,0.3097857236862182,0.0090311197564005,0.8912912607192993,0.615384578704834,0.6992103457450867,0.20933664,0.07892304,0.8811184,0.49329418,0.45124626,False
BS_UDPOMMUGSZLKVOUMGEKII,2,2,0.3645952343940735,0.0,0.9277229309082032,0.6269230842590332,0.7509965300559998,0.35483596,0.041005917,0.9508179,0.27982864,0.28447902,False
BS_UDPOMMUGSZLKVOUMGEKII,3,3,0.193261906504631,0.0217448119074106,0.8781980872154236,0.5884615182876587,0.6460960507392883,0.1212953,0.063683175,0.8918535,0.38020328,0.35248598,False
BS_UDPOMMUGSZLKVOUMGEKII,4,4,0.1514762043952942,0.0436307042837142,0.94052916765213,0.5961538553237915,0.6498823761940002,0.12567407,0.039027847,0.8967128,0.40157998,0.376418,False
BS_UDPOMMUGSZLKVOUMGEKII,5,5,0.205976203083992,0.0193796679377555,0.8088387846946716,0.5769230723381042,0.63885498046875,0.20715746,0.045057185,0.82030416,0.55344045,0.5044174,False
BS_DLQWVXPJLBVCXJYIGYFWZ,0,0,0.2236666828393936,0.0,0.8330903649330139,0.5961538553237915,0.5710281133651733,0.20461601,0.11377869,0.8914626,0.44977382,0.40562177,False
BS_WWFVUMSRUBBESTMOGOCAC,0,0,0.3600238263607025,0.0096203321591019,0.91444331407547,0.453846126794815,0.4705789387226105,0.13781029,0.19284469,0.8493272,0.6039731,0.5367634,False
BS_WWFVUMSRUBBESTMOGOCAC,1,1,0.355904757976532,0.0066452282480895,0.9258318543434144,0.4730769395828247,0.4706547260284424,0.09576282,0.11433331,0.8314481,0.6740028,0.58234483,False
BS_WWFVUMSRUBBESTMOGOCAC,2,2,0.3933809697628021,0.0088278008624911,0.8385021090507507,0.4307692348957062,0.4512307941913605,0.13882867,0.2369963,0.7931616,0.5228479,0.46541953,False
BS_YSSBYHWSMLHGPKGBGCXVI,0,0,0.3070000112056732,0.0,0.9129170775413512,0.3653846085071563,0.360337883234024,0.20633021,0.067448206,0.8593948,0.6233714,0.551871,False
BS_YSSBYHWSMLHGPKGBGCXVI,1,1,0.3408809602260589,0.0,0.8384190797805786,0.3461538255214691,0.3354513347148895,0.17683297,0.096561216,0.83656836,0.6016449,0.54802364,False
BS_YSSBYHWSMLHGPKGBGCXVI,2,2,0.3198571503162384,0.0,0.9542784094810486,0.3692307472229004,0.3803994953632355,0.1927734,0.081889726,0.90054953,0.64417577,0.5765601,False
BS_RWUONJDNWAPVUEONGTTOI,0,0,0.5097380876541138,0.0048755183815956,0.8622708916664124,0.5192307829856873,0.4624549746513366,0.53480357,0.17013764,0.8804465,0.35386235,0.34248734,False
BS_RWUONJDNWAPVUEONGTTOI,1,1,0.4610238373279571,0.0309999994933605,0.9155617952346802,0.5192307829856873,0.4632547199726105,0.3080536,0.07947881,0.8656402,0.41360718,0.3830603,False
BS_RWUONJDNWAPVUEONGTTOI,2,2,0.573119044303894,0.0,0.863896906375885,0.5269230604171753,0.4697549641132355,0.87404335,0.19151738,0.8735629,0.37105593,0.39079595,False
BS_GKAQXGOBTCLZONBQGYKFO,0,0,0.3465476334095001,0.0,0.8127453923225403,0.5923076868057251,0.7538483738899231,0.482796,0.13220239,0.8357769,0.3637258,0.36276639,False
BS_GKAQXGOBTCLZONBQGYKFO,1,1,0.3586190640926361,0.0,0.7365128993988037,0.5615384578704834,0.7330132722854614,0.64653444,0.026669882,0.75780964,0.32642156,0.34162202,False
BS_GKAQXGOBTCLZONBQGYKFO,2,2,0.3139047920703888,0.0,0.8009541630744934,0.6076922416687012,0.7488687634468079,0.47011238,0.16238293,0.788441,0.40325314,0.3769769,False
BS_GKAQXGOBTCLZONBQGYKFO,3,3,0.2831428945064544,0.0,0.8227453231811523,0.6269230842590332,0.7562687397003174,0.439255,0.08563741,0.8155407,0.39860642,0.37892097,False
BS_NVBFNKMUAPPNQBUAGCOTQ,0,0,0.3200476467609405,0.0,0.7817932367324829,0.6115384697914124,0.6602688431739807,0.2300804,0.02964887,0.88215256,0.31073076,0.3179389,False
BS_NVBFNKMUAPPNQBUAGCOTQ,1,1,0.2879047691822052,0.0,0.8599560856819153,0.6269230842590332,0.6614137887954712,0.25995052,0.017139487,0.8590539,0.29817626,0.2908189,False
BS_WMRCCEFHKYAXCXJIGZEUI,0,0,0.1898809671401977,0.0,0.9509958624839784,0.6038461923599243,0.6941202282905579,0.2049523,0.073967315,0.8823109,0.58611095,0.52810776,False
BS_WMRCCEFHKYAXCXJIGZEUI,1,1,0.1446190476417541,0.0,0.8919174671173096,0.6038461923599243,0.6951757073402405,0.19474876,0.062301137,0.8794248,0.56301755,0.5069729,False
BS_WMRCCEFHKYAXCXJIGZEUI,2,2,0.2701190710067749,0.0244149379432201,0.9525890946388244,0.5692307353019714,0.6791445016860962,0.19111785,0.09875498,0.876291,0.595945,0.5300072,False
BS_VVRNEYPGNOYPMQYRGNCNR,0,0,0.1785476207733154,0.0091784233227372,0.9021263718605042,0.5461537837982178,0.5028170943260193,0.1675238,0.16464832,0.8513564,0.6031213,0.5510999,False
BS_VVRNEYPGNOYPMQYRGNCNR,1,1,0.2204285860061645,0.0,0.8813554644584656,0.5384615063667297,0.4951445460319519,0.16791856,0.1374585,0.8599183,0.50875187,0.4671278,False
BS_VVRNEYPGNOYPMQYRGNCNR,2,2,0.2569524049758911,0.008887967094779,0.8976139426231384,0.4999999701976776,0.4678449928760528,0.12263486,0.10710163,0.8822617,0.43453878,0.4110471,False
BS_VVRNEYPGNOYPMQYRGNCNR,3,3,0.2330714464187622,0.008147302083671,0.8451874256134033,0.4961538314819336,0.4643754661083221,0.12872413,0.067320935,0.84197253,0.4190388,0.38427925,False
BS_VVRNEYPGNOYPMQYRGBEQA,0,0,0.1785476207733154,0.0091784233227372,0.9021263718605042,0.5461537837982178,0.5028170943260193,0.07367614,0.09896652,0.89109045,0.419011,0.3882472,False
BS_VVRNEYPGNOYPMQYRGBEQA,1,1,0.2204285860061645,0.0,0.8813554644584656,0.5384615063667297,0.4951445460319519,0.18740171,0.10035146,0.8459584,0.5111195,0.46421647,False
BS_VVRNEYPGNOYPMQYRGBEQA,2,2,0.2569524049758911,0.008887967094779,0.8976139426231384,0.4999999701976776,0.4678449928760528,0.30374587,0.123302065,0.8364041,0.5712533,0.53557825,False
BS_VVRNEYPGNOYPMQYRGBEQA,3,3,0.2330714464187622,0.008147302083671,0.8451874256134033,0.4961538314819336,0.4643754661083221,0.2947985,0.13685313,0.86751586,0.51563054,0.4982854,False
BS_VVRNEYPGNOYPMQYRGXNSZ,0,0,0.148952379822731,0.0,0.8832916617393494,0.4923076629638672,0.4519863724708557,0.2376171,0.048750825,0.8669592,0.45535415,0.42462128,False
BS_VVRNEYPGNOYPMQYRGXNSZ,1,1,0.1086190566420555,0.0,0.8609638810157776,0.4923076629638672,0.4492345452308655,0.2084117,0.09527386,0.8625452,0.45754713,0.42435735,False
BS_VVRNEYPGNOYPMQYRGXNSZ,2,2,0.0425952412188053,0.0,0.876189112663269,0.4884615242481231,0.4508246183395386,0.18018553,0.100648426,0.84618086,0.44612625,0.4082877,False
BS_VVRNEYPGNOYPMQYRGXNSZ,3,3,0.0410238094627857,0.0,0.8264830112457275,0.4769230782985687,0.4388374984264374,0.11179392,0.10733833,0.84711564,0.40351105,0.37970632,False
BS_VVRNEYPGNOYPMQYRGTMPZ,0,0,0.0866904854774475,0.0,0.969992995262146,0.3038461208343506,0.3164725601673126,0.19003296,0.076160096,0.88841516,0.60134995,0.5387626,False
BS_VVRNEYPGNOYPMQYRGTMPZ,1,1,0.1056904792785644,0.0,0.9490166902542114,0.2923077046871185,0.3125831484794616,0.30214778,0.11115415,0.9252993,0.5922644,0.5452318,False
BS_VVRNEYPGNOYPMQYRGTMPZ,2,2,0.0421904809772968,0.0,0.9663193821907043,0.2923077046871185,0.323516845703125,0.3781331,0.13848498,0.92042094,0.54802084,0.52236253,False
BS_VVRNEYPGNOYPMQYRGTMPZ,3,3,0.0283333361148834,0.0,0.9129877090454102,0.2884615361690521,0.3152002692222595,0.23291308,0.13371,0.8867381,0.6003946,0.5655099,False
BS_VVRNEYPGNOYPMQYRGFQMQ,0,0,0.2052381038665771,0.0,0.8651515245437622,0.8269230127334595,0.7683621048927307,0.062934294,0.08671401,0.91995436,0.3143001,0.3116051,False
BS_VVRNEYPGNOYPMQYRGFQMQ,1,1,0.105857141315937,0.0,0.8528884649276733,0.8115383982658386,0.7684484124183655,0.09922999,0.07954893,0.9281118,0.32393664,0.32453573,False
BS_VVRNEYPGNOYPMQYRGFQMQ,2,2,0.0941190496087074,0.0127717833966016,0.8755046129226685,0.7923076152801514,0.7574073672294617,0.14101505,0.030689798,0.928104,0.350532,0.3435572,False
BS_VVRNEYPGNOYPMQYRGFQMQ,3,3,0.1777381002902984,0.0170809123665094,0.92444908618927,0.8076923489570618,0.7580966353416443,0.12609872,0.056220733,0.92577827,0.3506621,0.33531696,False
BS_VVRNEYPGNOYPMQYRGZAKX,0,0,0.158952385187149,0.0,0.8486301898956299,0.6576922535896301,0.657841145992279,0.08742711,0.014225051,0.8671071,0.31974372,0.30194378,False
BS_VVRNEYPGNOYPMQYRGZAKX,1,1,0.1240476295351982,0.0,0.8369351029396057,0.6615384817123413,0.6481859683990479,0.09722248,0.07592883,0.8593952,0.3752156,0.36225268,False
BS_VVRNEYPGNOYPMQYRGZAKX,2,2,0.1313809603452682,0.0,0.8589847087860107,0.6807692646980286,0.6493719816207886,0.13973239,0.1591847,0.8899322,0.4923911,0.48521554,False
BS_VVRNEYPGNOYPMQYRGZAKX,3,3,0.1718571633100509,0.0,0.9068951606750488,0.6807692646980286,0.6671689748764038,0.11286521,0.14413771,0.91216797,0.42586356,0.42288595,False
BS_VVRNEYPGNOYPMQYRGFVGF,0,0,0.1353333443403244,0.0,0.8516317009925842,0.6000000238418579,0.5305512547492981,0.12747526,0.242995,0.8624187,0.46231338,0.4379118,False
BS_VVRNEYPGNOYPMQYRGFVGF,1,1,0.1577619016170501,0.0,0.840083658695221,0.5846153497695923,0.516144871711731,0.107997805,0.22367331,0.8702653,0.42073366,0.40724885,False
BS_VVRNEYPGNOYPMQYRGFVGF,2,2,0.1410952359437942,0.0,0.8621019721031189,0.5923076868057251,0.5278793573379517,0.11718428,0.16278511,0.88537335,0.39640823,0.388278,False
BS_VVRNEYPGNOYPMQYRGFVGF,3,3,0.0918571501970291,0.0,0.909953474998474,0.6076922416687012,0.5447177290916443,0.111794636,0.12092132,0.8919302,0.39402595,0.37105706,False
BS_VVRNEYPGNOYPMQYRGYDGP,0,0,0.1453095376491546,0.0,0.8199083805084229,0.5884615182876587,0.854279637336731,0.1661675,0.055744715,0.8301087,0.42280227,0.38290036,False
BS_VVRNEYPGNOYPMQYRGYDGP,1,1,0.0786904841661453,0.0,0.8084477782249451,0.6076922416687012,0.843165934085846,0.21549475,0.037862398,0.84240776,0.40550074,0.38633978,False
BS_VVRNEYPGNOYPMQYRGYDGP,2,2,0.0960952416062355,0.0,0.8306975960731506,0.6346153616905212,0.839931070804596,0.25603044,0.026251458,0.8679993,0.35473895,0.3548028,False
BS_VVRNEYPGNOYPMQYRGYDGP,3,3,0.1670000106096267,0.0,0.8778507709503174,0.6269230842590332,0.8532546758651733,0.2862154,0.018413983,0.9111094,0.45909917,0.42928225,False
BS_GEQFBHBCTBDAUUYEGSBIP,0,0,0.1522857099771499,0.0,0.8506501317024231,0.5923076868057251,0.5444483160972595,0.18705481,0.12086413,0.83974457,0.49663243,0.46371496,False
BS_GEQFBHBCTBDAUUYEGSBIP,1,1,0.2677619159221649,0.0,0.8794884085655212,0.5846153497695923,0.5521513819694519,0.19710994,0.13271958,0.85047776,0.52432346,0.486749,False
BS_GEQFBHBCTBDAUUYEGSBIP,2,2,0.1199761927127838,0.0,0.7660313248634338,0.5653846263885498,0.5192723870277405,0.18037081,0.109927244,0.8053558,0.46631226,0.4377281,False
BS_GEQFBHBCTBDAUUYEGSBIP,3,3,0.2090714275836944,0.0,0.8232936263084412,0.5653846263885498,0.5300756096839905,0.16822746,0.09448797,0.82840896,0.47027153,0.43893862,False
BS_GEQFBHBCTBDAUUYEGSBIP,4,4,0.1756190657615661,0.0,0.8760398030281067,0.5769230723381042,0.5345795750617981,0.19649649,0.09649927,0.8660123,0.48614734,0.45082116,False
BS_LROJXODSDWJJRDEYGFWWL,0,0,0.3493809700012207,0.0,0.2200701683759689,0.4346154034137726,0.3695068359375,0.14295816,-0.0033749284,0.3149147,0.43893784,0.35230672,False
BS_LROJXODSDWJJRDEYGFWWL,1,1,0.4834285974502563,0.0,0.3762961328029632,0.5192307829856873,0.4489724934101105,0.2523525,0.050248988,0.37504745,0.38054717,0.30483815,False
BS_LROJXODSDWJJRDEYGFWWL,2,2,0.4565238356590271,0.0,0.4888321161270141,0.5384615063667297,0.4667274355888366,0.29547912,0.098986275,0.39479998,0.36487734,0.29218686,False
BS_LROJXODSDWJJRDEYGFWWL,3,3,0.2808333337306976,0.0132676353678107,0.336027055978775,0.4038461446762085,0.3432280421257019,0.14414263,-0.008029959,0.30558366,0.45656103,0.3671351,False
BS_LROJXODSDWJJRDEYGFWWL,4,4,0.3086666762828827,0.0,0.3339379429817199,0.4615384340286255,0.3942102789878845,0.20816362,0.21194613,0.34787077,0.34262186,0.26861596,False
BS_LROJXODSDWJJRDEYGRBCG,0,0,0.3493809700012207,0.0,0.2200701683759689,0.4346154034137726,0.3695068359375,0.096210375,-0.01594274,0.3299463,0.4935019,0.40933472,False
BS_LROJXODSDWJJRDEYGRBCG,1,1,0.4834285974502563,0.0,0.3762961328029632,0.5192307829856873,0.4489724934101105,0.24558878,-0.00018901378,0.34685543,0.40725392,0.3333682,False
BS_LROJXODSDWJJRDEYGRBCG,2,2,0.4565238356590271,0.0,0.4888321161270141,0.5384615063667297,0.4667274355888366,0.48811817,0.10903133,0.42105663,0.35286468,0.3033834,False
BS_LROJXODSDWJJRDEYGRBCG,3,3,0.2808333337306976,0.0132676353678107,0.336027055978775,0.4038461446762085,0.3432280421257019,0.11753413,-0.019931981,0.3298508,0.49846032,0.438582,False
BS_LROJXODSDWJJRDEYGRBCG,4,4,0.3086666762828827,0.0,0.3339379429817199,0.4615384340286255,0.3942102789878845,0.4428637,0.29123625,0.3440115,0.32458612,0.26729384,False
BS_LROJXODSDWJJRDEYGKSDG,0,0,0.2605000138282776,0.0,0.540023684501648,0.5269230604171753,0.5133445858955383,0.10425702,0.39600646,0.5918524,0.3878668,0.34815013,False
BS_LROJXODSDWJJRDEYGKSDG,1,1,0.2299047708511352,0.0,0.5531314015388489,0.5538461804389954,0.5371620059013367,0.16124487,0.20234197,0.49454373,0.38095075,0.32085055,False
BS_LROJXODSDWJJRDEYGKSDG,2,2,0.3567143082618713,0.0,0.4156317114830017,0.5384615063667297,0.525813639163971,0.35659093,0.12807283,0.41496724,0.35650212,0.2970087,False
BS_LROJXODSDWJJRDEYGKSDG,3,3,0.3023095428943634,0.0,0.582029402256012,0.5115385055541992,0.5058204531669617,0.06897445,0.44957405,0.5556722,0.39103338,0.32622173,False
BS_LROJXODSDWJJRDEYGKSDG,4,4,0.332500010728836,0.0,0.3230132758617401,0.4846153855323791,0.4770760238170624,0.36655742,0.09773434,0.359792,0.34571272,0.29505348,False
BS_LROJXODSDWJJRDEYGADOH,0,0,0.1638095378875732,0.0,0.5572346448898315,0.4269230961799621,0.3850108087062835,0.28916323,0.7063801,0.5666917,0.29637572,0.26954055,False
BS_LROJXODSDWJJRDEYGADOH,1,1,0.1065238118171691,0.0,0.5687360167503357,0.449999988079071,0.4020417332649231,0.15535676,0.31132847,0.4871378,0.3762409,0.31487918,False
BS_LROJXODSDWJJRDEYGADOH,2,2,0.0573333352804183,0.0,0.4315785467624664,0.4384615421295166,0.3870660066604614,0.13132921,0.056094356,0.3951494,0.44290903,0.36196703,False
BS_LROJXODSDWJJRDEYGADOH,3,3,0.2347619086503982,0.0,0.6013404130935669,0.4153845906257629,0.3780307173728943,0.5083798,0.5522129,0.5656644,0.30033797,0.24732873,False
BS_LROJXODSDWJJRDEYGADOH,4,4,0.0761428549885749,0.0,0.339932233095169,0.4000000059604645,0.3499934673309326,0.14850983,-0.0018030212,0.3149395,0.4636651,0.375916,False
BS_LROJXODSDWJJRDEYGHZFN,0,0,0.1638095378875732,0.0,0.5572346448898315,0.4269230961799621,0.3850108087062835,0.31624746,0.09624616,0.5142979,0.40910178,0.35964656,False
BS_LROJXODSDWJJRDEYGHZFN,1,1,0.1065238118171691,0.0,0.5687360167503357,0.449999988079071,0.4020417332649231,0.25836775,-0.0042010336,0.5427356,0.40816808,0.37309462,False
BS_LROJXODSDWJJRDEYGHZFN,2,2,0.0573333352804183,0.0,0.4315785467624664,0.4384615421295166,0.3870660066604614,0.14715776,-0.009182094,0.40582502,0.42405942,0.35710803,False
BS_LROJXODSDWJJRDEYGHZFN,3,3,0.2347619086503982,0.0,0.6013404130935669,0.4153845906257629,0.3780307173728943,0.3469423,0.15837386,0.47805905,0.4090909,0.3439005,False
BS_LROJXODSDWJJRDEYGHZFN,4,4,0.0761428549885749,0.0,0.339932233095169,0.4000000059604645,0.3499934673309326,0.11504339,-0.0034116195,0.38388747,0.42823443,0.3612897,False
BS_LROJXODSDWJJRDEYGPTVX,0,0,0.2259285748004913,0.0,0.5611594319343567,0.5230768918991089,0.711796224117279,0.32757455,0.056577556,0.49888033,0.36454773,0.32484105,False
BS_LROJXODSDWJJRDEYGPTVX,1,1,0.1129047721624374,0.0,0.5724911689758301,0.5230768918991089,0.7178860306739807,0.3989098,0.14469239,0.4634096,0.36321962,0.3144603,False
BS_LROJXODSDWJJRDEYGPTVX,2,2,0.0867619067430496,0.0,0.4367448985576629,0.5076923370361328,0.630768895149231,0.30220062,0.2348054,0.35702056,0.3622812,0.30351222,False
BS_LROJXODSDWJJRDEYGPTVX,3,3,0.3197857141494751,0.0111265555024147,0.6043156981468201,0.5346153378486633,0.7220132946968079,0.176792,0.021697082,0.56863046,0.42955175,0.38398048,False
BS_LROJXODSDWJJRDEYGPTVX,4,4,0.1869285702705383,0.0,0.3467471301555633,0.4807692170143127,0.6133138537406921,0.27089137,0.16880429,0.3181194,0.38597572,0.31737268,False
BS_LROJXODSDWJJRDEYGSTCX,0,0,0.2259285748004913,0.0,0.5611594319343567,0.5230768918991089,0.711796224117279,0.22392297,0.68484783,0.57933253,0.2925388,0.26148885,False
BS_LROJXODSDWJJRDEYGSTCX,1,1,0.1129047721624374,0.0,0.5724911689758301,0.5230768918991089,0.7178860306739807,0.08355349,0.32451665,0.552938,0.37426344,0.31572056,False
BS_LROJXODSDWJJRDEYGSTCX,2,2,0.0867619067430496,0.0,0.4367448985576629,0.5076923370361328,0.630768895149231,0.121632114,0.024995767,0.4165547,0.38993922,0.32456905,False
BS_LROJXODSDWJJRDEYGSTCX,3,3,0.3197857141494751,0.0111265555024147,0.6043156981468201,0.5346153378486633,0.7220132946968079,0.41877598,0.531944,0.57128775,0.26147765,0.24656299,False
BS_LROJXODSDWJJRDEYGSTCX,4,4,0.1869285702705383,0.0,0.3467471301555633,0.4807692170143127,0.6133138537406921,0.38204807,-0.013627074,0.36566973,0.35236782,0.30170643,False
BS_YTFREKXLZXAZTILUGJBNW,0,0,0.0358333364129066,0.0,0.3351518213748932,0.4038461446762085,0.3679756820201874,0.17741704,0.09783045,0.38783175,0.37644202,0.30948818,False
BS_YTFREKXLZXAZTILUGJBNW,1,1,0.0982857197523117,0.0,0.4965863525867462,0.4230769574642181,0.3876689970493316,0.2666049,0.03200973,0.41044068,0.39090586,0.3266785,False
BS_YTFREKXLZXAZTILUGJBNW,2,2,0.3626428842544555,0.0,0.3377382457256317,0.38846156001091,0.3645240664482116,0.30080092,0.045305356,0.4058627,0.41736612,0.35913283,False
BS_MCAXCAESMESEHQXJGBMVJ,0,0,0.3294762074947357,0.0,0.9376157522201538,0.5038461089134216,0.6210411190986633,0.1556679,0.02639398,0.90550745,0.45135313,0.39906144,False
BS_MCAXCAESMESEHQXJGBMVJ,1,1,0.3205952644348144,0.0,0.9556422829627992,0.5038461089134216,0.623200535774231,0.1679897,-0.0003490746,0.93148166,0.41198784,0.37209862,False
BS_YAIHTFHBKXKIZERMGZMGL,0,0,0.3734047710895538,0.0162780079990625,0.9616125226020812,0.3807692527770996,0.3697583377361297,0.81897223,-0.0022970065,0.96561974,0.35947722,0.38762873,False
BS_YAIHTFHBKXKIZERMGZMGL,1,1,0.4443095326423645,0.0,0.9627987146377563,0.3846153914928436,0.369310051202774,0.7771677,0.08635742,1.0296375,0.3517729,0.40718573,False
BS_GYFFZXQSXQFUBTFXGYKHW,0,0,0.3708095252513885,0.0,0.9860512614250184,0.4923076629638672,0.4608133137226105,0.17729175,0.07082585,0.9807995,0.29318225,0.2797851,False
BS_GYFFZXQSXQFUBTFXGYKHW,1,1,0.3202143013477325,0.0,0.9829739928245544,0.4999999701976776,0.4661791622638702,0.18302351,0.03068827,0.9787782,0.2811364,0.27157164,False
BS_HLUTRWPSXGWMIMCHGLQWV,0,0,0.5749762058258057,0.0,0.9471088647842408,0.453846126794815,0.5000725984573364,0.35550624,0.16445228,0.9255433,0.33292022,0.30346552,False
BS_HLUTRWPSXGWMIMCHGLQWV,1,1,0.6045952439308167,0.0,0.9418668150901794,0.4576922655105591,0.5001999139785767,0.41167974,0.12601778,0.94597274,0.31163058,0.30006227,False
BS_HLUTRWPSXGWMIMCHGLQWV,2,2,0.5197857618331909,0.0,0.9261398911476136,0.453846126794815,0.4964210391044616,0.5061592,0.38088268,0.9022297,0.31639153,0.28561753,False
BS_HLUTRWPSXGWMIMCHGLQWV,3,3,0.4544762074947357,0.0,0.9345917105674744,0.453846126794815,0.4968830049037933,0.45514047,0.44509453,0.92345494,0.31487855,0.2972308,False
BS_GJEHJRTYPNUCJMEYGJBMR,0,0,0.309809535741806,0.0,0.9701269865036012,0.4461538195610046,0.424058586359024,0.16615117,0.16074833,0.91755986,0.46369916,0.41931784,False
BS_XTNEYTWNOPVWRWPXGWLVV,0,0,0.1842142939567566,0.0,0.7681124210357666,0.5884615182876587,0.5241520404815674,0.23624706,0.07838512,0.8473461,0.3693053,0.36337745,False
BS_XTNEYTWNOPVWRWPXGWLVV,1,1,0.2439047694206237,0.0,0.8524348139762878,0.5846153497695923,0.520476222038269,0.34186265,0.0017376766,0.8391386,0.36925727,0.36143845,False
BS_JTLZGLOMGMOVVVDHGSFSG,0,0,0.1403333395719528,0.0,0.931248664855957,0.6423076391220093,0.564238429069519,0.2193501,0.061747484,0.84959847,0.6355735,0.5793591,False
BS_JTLZGLOMGMOVVVDHGSFSG,1,1,0.0777380988001823,0.0,0.9067786335945128,0.6423076391220093,0.5605068802833557,0.55623674,0.06243325,0.86849374,0.41892448,0.42111164,False
BS_JTLZGLOMGMOVVVDHGSFSG,2,2,0.2113095372915268,0.0,0.9337477684020996,0.6576922535896301,0.5784133672714233,0.26090622,0.1300498,0.90450823,0.5467206,0.49888343,False
BS_GTTZJSVPDDTLAEAWGTBEK,0,0,0.4001428782939911,0.0067572616972029,0.9099199771881104,0.5076923370361328,0.4688825905323028,0.35586065,0.16158375,0.88536566,0.5212971,0.4729265,False
BS_VJFLEACYUHCODCPCGHLTA,0,0,0.0045238095335662,0.0,0.7864695191383362,0.5384615063667297,0.581999659538269,0.117856264,0.13426656,0.85981506,0.44111228,0.4331138,False
BS_VJFLEACYUHCODCPCGHLTA,1,1,0.0357619039714336,0.0,0.8337690234184265,0.4999999701976776,0.5760824084281921,0.11124644,0.11421002,0.8121825,0.49550298,0.45324546,False
BS_VJFLEACYUHCODCPCGHLTA,2,2,0.0254047643393278,0.0,0.8645289540290833,0.557692289352417,0.597255289554596,0.0553692,0.13169712,0.8598635,0.446145,0.4155571,False
